Country,TotalDeaths,Tweet Counts,Rate
Albania,28.0,,7.997
Algeria,432.0,,4.723
American Samoa,0.0,,
Andorra,40.0,,
Angola,2.0,,8.155
Anguilla,0.0,,
Antarctica,0.0,5.0,
Antigua and Barbuda,3.0,,6.409
Argentina,197.0,,7.612
Armenia,29.0,,9.862
Aruba,0.0,,9.135
Austria,549.0,,9.896
Azerbaijan,22.0,,6.808
Bahamas,11.0,,6.817
Bahrain,8.0,,2.416
Bangladesh,152.0,,5.545
Barbados,6.0,,9.042
Belarus,75.0,,12.557
Belgium,7207.0,,9.789
Belize,2.0,,4.744
Benin,1.0,,8.809
Bermuda,0.0,,
Bhutan,0.0,,6.265
Bolivia,53.0,,6.789
Bosnia and Herzegovina,60.0,,10.8
Botswana,1.0,,5.825
Bouvet Island,0.0,,
Brazil,4603.0,,6.503
British Indian Ocean Territory,0.0,,
British Virgin Islands,0.0,,
Brunei Darussalam,1.0,,
Bulgaria,58.0,,15.433
Burkina Faso,42.0,,8.066
Burundi,1.0,,7.888
Cambodia,0.0,,6.019
Cameroon,58.0,,9.191
Cape Verde,1.0,,5.611
Cayman Islands,0.0,,
Central African Republic,0.0,,12.178
Chad,0.0,,12.045
Chile,198.0,,6.215
China,4637.0,,7.261
Christmas Island,0.0,,
Cocos (Keeling) Islands,0.0,,
Colombia,253.0,,5.606
Comoros,0.0,,7.198
Congo (Brazzaville),6.0,,
Congo (Kinshasa),28.0,,
Cook Islands,0.0,,
Costa Rica,6.0,,5.122
Croatia,59.0,,13.17
Cuba,56.0,,9.064
Cyprus,15.0,,7.075
Czech Republic,223.0,,10.571
CÃ´te d'Ivoire,14.0,,
Denmark,427.0,,9.783
Djibouti,2.0,,7.068
Dominica,0.0,,
Dominican Republic,282.0,,6.177
Ecuador,663.0,,5.121
Egypt,337.0,,5.808
El Salvador,8.0,,7.057
Equatorial Guinea,1.0,,9.235
Eritrea,0.0,,7.108
Estonia,50.0,,11.727
Ethiopia,3.0,,6.529
Falkland Islands (Malvinas),0.0,,
Faroe Islands,0.0,,
Fiji,0.0,,8.229
Finland,193.0,,9.795
French Guiana,0.0,,2.956
French Polynesia,0.0,,5.7
French Southern Territories,0.0,,
Gabon,3.0,,6.822
Gambia,1.0,,7.817
Georgia,6.0,389.0,12.816
Ghana,11.0,,7.284
Gibraltar,0.0,,
Greece,136.0,,10.924
Greenland,0.0,,
Grenada,0.0,,9.547
Guadeloupe,0.0,,8.31
Guam,0.0,,5.249
Guatemala,15.0,,4.741
Guernsey,0.0,,
Guinea,7.0,,8.369
Guinea-Bissau,1.0,,9.557
Guyana,8.0,,7.52
Haiti,6.0,,8.51
Heard and Mcdonald Islands,0.0,,
Holy See (Vatican City State),0.0,,
Honduras,61.0,,4.453
"Hong Kong, SAR China",0.0,,
Hungary,280.0,,12.613
Iceland,10.0,,6.736
Indonesia,765.0,,6.51
"Iran, Islamic Republic of",5806.0,,
Iraq,88.0,,4.773
Ireland,1102.0,,6.139
Isle of Man,0.0,,
Italy,26977.0,,10.566
Jamaica,7.0,44.0,7.588
Japan,385.0,,10.646
Jersey,0.0,,
Jordan,7.0,,3.887
Kazakhstan,25.0,,7.172
Kenya,14.0,,5.483
Kiribati,0.0,,6.32
Korea (North),0.0,,
Korea (South),244.0,,
Kuwait,22.0,,2.787
Kyrgyzstan,8.0,,6.011
Lao PDR,0.0,,
Latvia,13.0,,14.669
Lebanon,24.0,3.0,4.419
Lesotho,0.0,,14.144
Liberia,12.0,,7.494
Libya,2.0,,5.1
Liechtenstein,1.0,,
Lithuania,41.0,,13.737
Luxembourg,88.0,,7.125
"Macao, SAR China",0.0,,
"Macedonia, Republic of",65.0,,
Madagascar,0.0,,6.017
Malawi,3.0,,6.61
Malaysia,99.0,3.0,5.139
Maldives,0.0,,2.821
Mali,23.0,,9.586
Malta,4.0,0.0,8.385
Marshall Islands,0.0,,
Martinique,0.0,,9.2
Mauritania,1.0,,7.186
Mauritius,10.0,,8.462
Mayotte,0.0,,2.71
Mexico,1434.0,,6.039
"Micronesia, Federated States of",0.0,,
Moldova,102.0,,11.697
Monaco,4.0,,
Mongolia,0.0,,6.351
Montenegro,7.0,,10.729
Montserrat,0.0,,
Morocco,162.0,,5.072
Mozambique,0.0,,8.42
Myanmar,5.0,,8.24
Namibia,0.0,,8.063
Nauru,0.0,,
Nepal,0.0,0.0,6.358
Netherlands,4534.0,3.0,8.812
Netherlands Antilles,0.0,,
New Caledonia,0.0,,5.807
New Zealand,19.0,,7.033
Nicaragua,3.0,,5.077
Niger,29.0,,8.199
Nigeria,40.0,,11.771
Niue,0.0,,
Norfolk Island,0.0,,
Northern Mariana Islands,0.0,,
Norway,205.0,,7.979
Oman,10.0,,2.446
Palau,0.0,,
Palestinian Territory,2.0,,
Panama,167.0,,5.098
Papua New Guinea,0.0,,7.408
Paraguay,9.0,,5.527
Peru,782.0,,5.539
Philippines,511.0,,5.9
Pitcairn,0.0,,
Poland,562.0,,10.201
Portugal,928.0,,10.702
Puerto Rico,0.0,,9.54
Qatar,10.0,,1.244
Republic of Kosovo,12.0,,
Romania,641.0,,13.099
Russian Federation,794.0,,
Rwanda,0.0,0.0,5.235
RÃ©union,0.0,,
Saint Helena,0.0,,
Saint Kitts and Nevis,0.0,,
Saint Lucia,0.0,,7.229
Saint Pierre and Miquelon,0.0,,
Saint Vincent and Grenadines,0.0,,
Saint-BarthÃ©lemy,0.0,,
Saint-Martin (French part),0.0,,
Samoa,0.0,,5.236
San Marino,41.0,,
Sao Tome and Principe,0.0,,4.819
Saudi Arabia,144.0,,3.513
Senegal,9.0,,5.691
Serbia,125.0,,13.194
Seychelles,0.0,,7.853
Sierra Leone,4.0,,11.698
Singapore,14.0,3.0,4.6
Slovakia,18.0,,9.968
Slovenia,83.0,,10.044
Solomon Islands,0.0,,4.255
Somalia,26.0,,10.778
South Georgia and the South Sandwich Islands,0.0,,
South Sudan,0.0,,10.43
Spain,23521.0,,9.115
Sudan,22.0,,7.171
Suriname,1.0,,7.377
Svalbard and Jan Mayen Islands,0.0,,
Swaziland,1.0,,
Sweden,2274.0,,9.165
Switzerland,1665.0,0.0,8.051
Syrian Arab Republic (Syria),3.0,,
"Taiwan, Republic of China",6.0,,
Tajikistan,0.0,,4.836
"Tanzania, United Republic of",10.0,,
Thailand,52.0,6.0,7.746
Timor-Leste,0.0,,
Togo,6.0,,8.426
Tokelau,0.0,,
Tonga,0.0,,7.128
Trinidad and Tobago,8.0,,8.459
Tunisia,39.0,,6.267
Turkey,2900.0,47.0,5.444
Turkmenistan,0.0,,7.06
Turks and Caicos Islands,0.0,,
Tuvalu,0.0,,
US Minor Outlying Islands,0.0,,
Uganda,0.0,1.0,6.527
Ukraine,220.0,,15.192
United Arab Emirates,82.0,,1.519
Uruguay,15.0,,9.47
Uzbekistan,8.0,1.0,5.794
Vanuatu,0.0,,5.236
Venezuela (Bolivarian Republic),10.0,,
Viet Nam,0.0,,
"Virgin Islands, US",0.0,,
Wallis and Futuna Islands,0.0,,
Western Sahara,0.0,,4.936
Yemen,0.0,,5.991
Zambia,3.0,,6.476
Zimbabwe,4.0,317.0,7.983
Japan ,,27.0,
"cape cod, ma",,50.0,
All over the country,,50.0,
"Swamps of Jersey,  USA",,50.0,
"Woodland Hills, Los Angeles",,50.0,
"Northern girl , USA ",,50.0,
"Clemson, SC",,50.0,
åŸå¸‚â†’,,90.0,
Kabul - Istanbul,,0.0,
"Nairobi, Kenya",,0.0,
"Nashville, TN",,389.0,
Nationwide,,389.0,
Jannah Al Firdous is my goal.,,0.0,
U.S.A ,,389.0,
åœ°çƒ,,90.0,
Detroit Michigan ,,389.0,
Ankara-Turkey,,27.0,
ã‚¹ã‚¿ãƒ—ãƒªã‚¢ã‚¤ã‚«ãƒ„ã‚¹ãƒã‚®ãƒ£ãƒ³ãƒ–ã‚®ãƒ¼ãƒŠã‚¤ãƒˆãƒ©ã‚¸ã‚¹ãƒ,,90.0,
ç¥å¥ˆå·çœŒæ¨ªæµœå¸‚,,90.0,
Surrey,,0.0,
unknow,,10.0,
Shanghai,,1.0,
"San Antonio, TX, USA",,106.0,
3206 Margate Road Bethlehem PA,,27.0,
new delhi,,27.0,
"Charlotte, NC",,0.0,
"Doha, Qatar",,0.0,
plastic house on the corner.,,171.0,
"kabul, Afghanistan",,27.0,
Ù¾Û€ Ù…Ø³Ø§Ù¾Ø±Û Ú©Û,,55.0,
islamabad,,1.0,
bcn,,173.0,
æ—¥æœ¬ ç¦å²¡,,0.0,
"Idaho, USA",,10.0,
somewhere in this dunya,,173.0,
Kanana Orkney NW & Ruimsig GP,,0.0,
Islamabad,,1.0,
The 202,,0.0,
"Rize, TÃ¼rkiye",,27.0,
Heart of Ohio,,1.0,
gaborone,,27.0,
"Kampala, Uganda",,27.0,
"Salem, India",,27.0,
à¤­à¤¾à¤°à¤¤,,27.0,
Jakarta indonesia,,27.0,
Mwanza city,,27.0,
Î•Î»Î»Î¬Ï‚,,27.0,
"Ajman, United Arab Emirates",,0.0,
"Dehradun, Uttrakhand",,13.0,
"Ealing, London",,13.0,
"Roseville, CA",,3.0,
ediszn,,0.0,
"Deux-SÃ¨vres, France.",,2.0,
Southwest Idaho,,4.0,
"EU, Scotland, France, Cumbria",,2.0,
The Universe,,106.0,
"Capital Region, Denmark",,0.0,
×™×©×¨××œ,,22.0,
AFGHANISTAN,,8.0,
"Brooklyn, NY",,22.0,
US/Europe,,22.0,
"DE, but from 201, NJ!!!!",,22.0,
nj,,22.0,
"Santa Monica, Ca",,22.0,
"Ocala, FL",,22.0,
Last house on the right,,5.0,
"Reno, NV",,0.0,
El Salvador/Charlottesville,,0.0,
åƒè‘‰ é–¢æ±åœ°æ–¹,,90.0,
ğŸ‡µğŸ‡± ,,10.0,
"Mazar-e-Sharef,Afghanistan",,34.0,
å‘½æ—¥11/12ã€€my side is 3eko,,90.0,
Pashtunistan,,8.0,
"Madrid, EspaÃ±a",,6.0,
Kedistan,,6.0,
"Burnley, Lancashire",,106.0,
ZIPANG,,90.0,
Lodz,,10.0,
SoCal,,1.0,
Beyond Limitations,,0.0,
Afghanistan- kabul ,,2.0,
å¤œæ˜ã‘å‰ã¯ä¸€ç•ªæš—ã„,,90.0,
east metro atlanta,,0.0,
"DKI Jakarta, Indonesia",,1.0,
æ±äº¬éƒ½å“å·åŒºâ†’å¤§åˆ†çœŒï¼ˆç–é–‹ï¼‰,,90.0,
Kabul/New York,,10.0,
Afghanistanâ¦ğŸ‡¦ğŸ‡«â©ğŸ‡¦ğŸ‡«â©ğŸ‡¦ğŸ‡«â©ğŸ‡¦,,8464.0,
Afghanistan & Bangladesh ,,3.0,
world ,,6.0,
London/Surrey,,7.0,
"Morogoro, Tanzania ",,16.0,
Bharat,,8.0,
"Savannah, GA",,1.0,
"Sherbrooke, Quebec",,0.0,
"Many places, against fascists!",,8.0,
"Ranchi, India",,2.0,
"Durham, England",,1.0,
Midlands UK,,7.0,
osaka,,90.0,
"Perry, Birmingham, Gaia",,2.0,
MÃ¼nchen,,8.0,
Global Intelligence Coverage,,1.0,
USA - Kabul ,,10.0,
Kabul/Edinburgh,,3.0,
"Iran, Tehran",,2.0,
"Fort Meade, MD",,6.0,
New York I Dubai ,,3.0,
Asia,,10.0,
Thinkstan,,0.0,
khost ,,55.0,
åƒè‘‰çœŒã€€ãƒ›ãƒƒãƒˆã‚¹ãƒãƒƒãƒˆåœ¨ä½,,90.0,
Garmisch-Partenkirchen,,1.0,
Melbourne,,0.0,
"Nishinoura, Japan",,90.0,
Tianjin,,55.0,
"Kolkata, India",,0.0,
ä¿ç•™åœ°å¸¯,,90.0,
"Punjab, India",,55.0,
Herat/Afghanistan,,9.0,
I live in Tehran.,,0.0,
Lahore,,6.0,
japan,,90.0,
Southasia,,6.0,
Jalalabad,,55.0,
Cambridge,,26.0,
Nouvelle Aquitaine,,10.0,
BERLIN,,10.0,
MaidanWardak.Afghanistan,,0.0,
Greater Noida,,0.0,
Leiden,,11.0,
æ±äº¬ æ­¦è”µé‡å¸‚,,90.0,
è¶…æ¬¡å…ƒä¸–ç•Œã®ã©ã“ã‹ã€å¢œè½ã¯ã”ã‚ã‚“ã ã€ã„ã‚„ãƒã‚¸ã§ã€‘,,90.0,
Ø¬Ù…Ù‡ÙˆØ±ÛŒ Ø§Ø³Ù„Ø§Ù…ÛŒ Ø§ÛŒØ±Ø§Ù†,,10.0,
JP,,90.0,
United States Of America,,11.0,
"Manhattan, Kansas",,6.0,
world,,2.0,
"Westlake Village, CA",,1.0,
Spin City,,21.0,
æ—¥æœ¬ æ±äº¬,,90.0,
åŸ¼ç‰çœŒé³©ãƒ¶è°·å¸‚,,90.0,
warangal,,7180.0,
parwan Afghanistan ,,47.0,
"Kabul,Afghanistan ",,55.0,
"Cairo, Nairobi ",,9.0,
"League City, TX",,106.0,
Always on the move.ğŸš¢ğŸšâœˆğŸš— ğŸš„ ,,106.0,
Boulder,,106.0,
"El Paso, TX",,106.0,
the darkness of my soul,,106.0,
"Victoria, British Columbia",,106.0,
Sacramento,,106.0,
Wardak,,55.0,
PNW,,106.0,
"Ghent, Belgium",,11.0,
å¢¨æ±ç½²å‘¨è¾ºã€‚ãƒŸãƒ‹ãƒ‘ãƒˆç•Œéšˆã€‚,,90.0,
Lake Tahoe,,106.0,
"Amsterdam, The Netherlands",,10.0,
Kattegat,,106.0,
"Roscoe Village, Chicago",,106.0,
ëŒ€í•œë¯¼êµ­,,2.0,
The Orville w/ jar of pickles.,,106.0,
"Hollywood, FL",,106.0,
Bordering Obscurity...,,106.0,
The World,,106.0,
Funkytown,,106.0,
"Orange, CA",,106.0,
"38.647075,-121.262933",,106.0,
ãƒ¡ãƒ­ãƒªãƒ³ç‹å›½,,90.0,
"Leicester, NC (near Asheville)",,106.0,
The â€œVery Large Person Stateâ€,,106.0,
æ²–ç¸„çœŒçŸ³å£å¸‚,,90.0,
On the Catio,,106.0,
"Boston,MA",,106.0,
Just out of Sorts,,106.0,
#WWG1WGAWORLDWIDE,,2.0,
ç¥å¥ˆå·çœŒ,,90.0,
Blue girl-Red State,,106.0,
New England,,106.0,
"Blue, USA",,106.0,
"Hungarian Village, Columbus",,106.0,
"Schuylkill Haven, PA",,106.0,
"Buffalo, NY",,106.0,
æ»‹è³€çœŒ,,90.0,
"Peshawar/Mirali, Pakistan",,0.0,
ãƒãƒ“ãƒ­ãƒ³,,90.0,
jakarta. indonesia,,90.0,
ãƒ ãƒ¼å¤§é™¸,,90.0,
æ¨ªæµœå¸‚ ç¥å¥ˆå·åŒº,,90.0,
ãã®ã¸ã‚“,,90.0,
INDIA,,47.0,
JAPAN  ç¥å¥ˆå·,,90.0,
fukuoka  japan,,90.0,
æ—¥æœ¬ åŒ—æµ·é“ æœ­å¹Œ,,90.0,
"Phoenix, AZ",,106.0,
ç®±ã‚³ãƒãƒ‡ãƒ¼ã‚¿ãƒ™ãƒ¼ã‚¹â†’,,90.0,
ğŸ‘‡ãŸã£ãŸ150å¹´å‰ã®æ­´å²ã‚’å¿˜ã‚ŒãŸæ—¥æœ¬äºº,,90.0,
"Innsbruck, Austria",,10.0,
"Ottawa, Ontario",,2.0,
Enemy Territory OhğŸ â€œNJ!â€ ,,389.0,
"Itasca, IL",,10.0,
"BogotÃ¡, Colombia",,12.0,
Prexico (AZ/MX) Desert Dweller,,50.0,
"Perth, Western Australia",,3.0,
Khyber Pakhtunkhwa,,55.0,
"So.Nevada, USA",,0.0,
"Cancale, France",,9.0,
"Near North Side, Chicago",,10.0,
"DrÃ¸bak, Norway",,0.0,
Woldwide,,0.0,
green birds fill our graveyard,,21.0,
"Spring, TX , USA",,0.0,
"Ahmadabad City, Gujarat, India",,7180.0,
"Dublin City, Ireland",,55.0,
Stockholm Kabul,,11.0,
Waterloo,,2.0,
"Ozark Mountains, MO",,50.0,
"Paris, ğŸ‡«ğŸ‡· ",,2.0,
"Calgary, Alberta, Canada",,2.0,
"Fort Walton Beach, Florida",,3.0,
"Rajahmundry,India",,0.0,
"A floor below hell, ArizonağŸ¥µ",,389.0,
Afghanistan â€¢ Turkey,,9.0,
indian occupied kashmir,,21.0,
"Rothesay, N.B.",,9.0,
Miami/Caracas,,389.0,
TAMPICO,,12.0,
NJ/PA,,50.0,
I'm with Elvis - everywhere,,5.0,
Hunting the Snakes ,,47.0,
Tuy,,26.0,
"Lucknow, India (katni mp )",,2.0,
"Stafford Springs, CT",,0.0,
VENEZUELA,,26.0,
Outlanderâ€â€,,9.0,
"Nakakabala, Kyankwanzi.",,26.0,
"Louisville, KY",,50.0,
Missouri Ozarks,,6.0,
Everywhere You're NOT!,,26.0,
West Virginia,,18.0,
à¤…à¤¾à¤™à¤¸à¤°à¤¾à¤™ à¤ªà¤¾à¤‚à¤šà¤¥à¤° à¤¨à¥‡à¤ªà¤¾à¤²à¥¤,,18.0,
"Blaine, MN",,50.0,
MEXICO,,18.0,
bursa,,18.0,
"Beijing, China",,18.0,
An island......,,50.0,
"Liege, Belgium",,55.0,
Mile High,,50.0,
Here,,50.0,
Middle America,,50.0,
Omaha native,,50.0,
"Albuquerque, NM of late...",,50.0,
"Monterrey, Nuevo LeÃ³n",,12.0,
"Columbia, Mo and Seattle, WA",,0.0,
"125 N. West St., Alexandria VA",,0.0,
Kent,,2.0,
"Dundalk, MD",,47.0,
"Bengaluru, Hyderabad, Mysore",,21.0,
"Lisboa, Portugal",,44.0,
"Detroit, MI",,2.0,
Rest Your Ass In The Bluegrass,,0.0,
Jammu,,21.0,
kashmir,,21.0,
Morally Dead Nation,,21.0,
Heharmulk ,,21.0,
"Great White North, OHIO",,389.0,
"Quito, Ecuador",,12.0,
MÃ©xico,,12.0,
"Granbury, TX",,0.0,
"W A S H I N G T O N ,  D . C .",,11.0,
Ù¾Ø§Ú©Ø³ØªØ§Ù†,,6.0,
De Barcelona. Now in Brussels.,,12.0,
"Mostly Here, Sometimes There.",,6.0,
"Distrito Federal, MÃ©xico",,12.0,
"Wellington, FL",,0.0,
kabul Afghanistan,,6.0,
"Boston, Massachusetts, USA",,0.0,
"kabul,afghanistan ",,47.0,
"~ 43.128677,-77.614074",,6.0,
"Winnipeg, Manitoba",,0.0,
Among 37 Millions people ,,55.0,
Upper Aporia ,,44.0,
Northern Virginia,,44.0,
Somewhere near Sacramento,,6.0,
"Mexico, D.F.",,5.0,
San Francisco,,27.0,
at home in England ğŸ‡¬ğŸ‡§ğŸ‡¬ğŸ‡§,,389.0,
kuchlack queeta,,55.0,
"Astoria, NY / New York City",,44.0,
Wherever. I'm retired,,3.0,
"San Diego, California",,6.0,
"Oslo, Norway",,55.0,
Brooklyn,,0.0,
"Canton, NY",,23.0,
Traveller ğŸ‡¦ğŸ‡«,,55.0,
"Mohanpur,Nadia,WB",,256.0,
Afghanistan     UEA,,55.0,
Ohio,,0.0,
NC or RI or NYC probably,,44.0,
"Washington, Divine Comedy",,44.0,
Swat,,55.0,
Woodbridge NJ,,389.0,
virginia,,389.0,
Various locations,,389.0,
"laghman, Afghanistan",,55.0,
"Kabul jan, AFG",,47.0,
U.S.A,,8.0,
Jesus Saves - John 3:16,,389.0,
112 Surah Al Ikhlas,,47.0,
Linkedin and My Book,,44.0,
rantau prapat,,2.0,
"Yogyakarta, Indonesia",,2.0,
"Jakarta, Indonesia",,2.0,
BÃ©al Feirste / Belfast,,44.0,
Washington,,44.0,
Khost,,16.0,
"Peshawar, Afghanistan",,55.0,
United States...& 97 countries,,0.0,
AFGHANISTAN ,,16.0,
Norddeutschland,,23.0,
ENUGU Nigeria,,23.0,
Rural Michigan,,3.0,
Brugg belguim,,55.0,
" 

",,23.0,
"Hillcrest, San Diego",,23.0,
"Varanasi, India",,23.0,
all over the place,,2.0,
Guanduanis,,2.0,
"Johannesburg, SA",,2.0,
"Ghazni, Afghanistan",,55.0,
"Kanpur, India",,7180.0,
"Pahrump, Nevada, Work",,389.0,
The Netherlands,,11.0,
"Ghoi, Murree",,1.0,
London via Mexico & NY,,7.0,
"Nariman Point, Mumbai, India",,0.0,
Paris|Berlin|Kabul,,34.0,
KABUL AFGHANISTAN,,0.0,
IL MONDO,,0.0,
"St Petersburg, FL",,317.0,
"Upstate New York, USA",,389.0,
"Llanhilleth, Wales, UK",,91.0,
America Latina,,0.0,
Space: the final frontier,,7.0,
"Headquartered in Beijing, PRC",,7.0,
New Delhi/Jakarta,,36.0,
World,,1.0,
"Silchar, Assam, India.",,0.0,
"Bangkok, Thailand",,1.0,
"On tour, Iâ€™m with the band. ",,389.0,
"Dogpatch,United States",,389.0,
"Sacramento, CA",,27.0,
LOY AFGHANISTAN,,1.0,
In between Bamyan & Kabul,,5.0,
Afghanistan ğŸ‡¦ğŸ‡«,,0.0,
In My Own World,,2.0,
Coimbatore,,7180.0,
Somewhere  warm.,,389.0,
"India, Odisha, Bhadrak",,0.0,
"Deschutes County, Oregon",,27.0,
afghanistan,,0.0,
"Lagos, Nigeria",,0.0,
"Afghanistan, Kabul ",,5.0,
brisbane/ boring / weirdo,,27.0,
Down Melbourne way,,27.0,
NJ âœˆï¸ SF âœˆï¸ LDN âœˆï¸ LA ,,27.0,
"Eugene,Or",,27.0,
Caddigal country. Bondi Beach.,,27.0,
los angeles,,27.0,
Jammu & Kashmir,,0.0,
# Kabul Afghanistan,,1.0,
Sydney Australia,,0.0,
"ID, DE-HH, AR, & TX",,25.0,
Burn't Bush...Born on the 9th,,389.0,
Texas #Merica,,389.0,
"SAC,CA ",,317.0,
"Ãle-de-France, France",,0.0,
Under The Big Sky ,,389.0,
 Wisco,,389.0,
Bthesda Tehran  Sana'a Nairobi,,3.0,
"Longboat Key, FL",,389.0,
"river of swans, EEUU",,3.0,
"Columbia, S.C.",,3.0,
"Zachary, LA",,389.0,
Ottawa,,912.0,
"Nokomis, FL",,389.0,
"Trinity, FL",,389.0,
"Parma, OH",,389.0,
ÙˆÙØ§Ù‚ Ú©Û’ Ø²ÛŒØ±Ù Ø§Ù†ØªØ¸Ø§Ù… ,,8.0,
"Honolulu, HI",,389.0,
Manchester ,,8.0,
every where,,389.0,
"warren,nj",,389.0,
TN Mtns,,389.0,
Washington State,,389.0,
"ÃœT: 39.1437208,-76.8905304",,27.0,
ğŸ—¡ï¸AMERICAN WARRIORğŸ›¡ï¸,,389.0,
" Purmela, TX",,389.0,
"Stolen, occupied Chinook land",,44.0,
Lexington KY,,44.0,
"Chattanooga, TN",,27.0,
"Not actually in Tehran, Iran",,0.0,
Basement Server,,317.0,
Mumbai,,34.0,
"The Land of Nod, USA",,44.0,
"Nebo, NC",,389.0,
"BC, Canada",,389.0,
Louisiana,,27.0,
BOS â†’ LAX â†’ PDX â†’ NYC/CT,,27.0,
"McKinney, TX",,27.0,
"FL, USA",,27.0,
Jakarta Capital Region,,0.0,
In the rough,,389.0,
"Broomfield, CO",,389.0,
"Cayucos, CA",,23.0,
"Missouri, USA",,389.0,
Republic of Texas,,389.0,
ğŸ’«SarasvatÄ«ğŸ›¸,,83.0,
"Finger Lakes Region, NY",,389.0,
"Williams Lake, British Columbia",,389.0,
"Somerset, Ohio",,389.0,
"Broward County, Florida",,389.0,
America ,,389.0,
Milwaukee,,389.0,
"Western Mountains, NC. USA.",,389.0,
Queens Park Florida,,389.0,
202002 UP India,,0.0,
illinois,,389.0,
ğŸ‘,,389.0,
"Bellingham, WA",,23.0,
it doesnt matter,,171.0,
The Great Southern Ocean,,0.0,
Tiny Blue - Naarm Melb au ,,44.0,
"Greensburg, PA",,389.0,
"Evergreen, CO",,389.0,
Ø§Ù„Ù…Ù…Ù„ÙƒØ© Ø§Ù„Ø¹Ø±Ø¨ÙŠØ© Ø§Ù„Ø³Ø¹ÙˆØ¯ÙŠØ©,,8.0,
"North Vernon, IN",,389.0,
Tatooine...,,389.0,
"Buford, Ga",,23.0,
"Reno, OH",,389.0,
Beasley Texas,,1.0,
World Wide,,389.0,
Arizona USA,,389.0,
"Srinagar,jammu and kashmir",,8.0,
Central Ny,,389.0,
NC,,389.0,
"Orlando, FL - San Francisco",,0.0,
-X-,,8.0,
Munich,,389.0,
"Seattle, Islamabad, Singapore",,5.0,
khi/isb,,5.0,
Knoxville,,83.0,
Islamabad/Peshawar,,5.0,
Ankara - TURKEY,,8.0,
"Cleveland,Tn",,389.0,
Your Super Ego,,0.0,
in the district of my mind,,44.0,
JAPAN,,8.0,
Alexiares & Anicetus,,36.0,
argentina,,0.0,
MAGA Country Michigan,,83.0,
Armpit of Calif,,389.0,
Charlotte,,389.0,
California (Bay Area),,389.0,
"Sibu, Sarawak",,44.0,
Central California,,912.0,
"Brandon, Manitoba",,912.0,
"Georgetown, TX",,23.0,
"German, raised in US/VA",,23.0,
"Somerset, California",,23.0,
"Bromsgrove, Worcestershire",,25.0,
San Antonio,,389.0,
"Washington, USA",,0.0,
Presently live in Toronto,,389.0,
Chicago ,,389.0,
"Sol, Sector 0, Alpha Quadrant",,2.0,
"Orlando, FL",,912.0,
Lagging Behind,,25.0,
"Proud American, Auburn Tiger. War Eagle!",,317.0,
beyond the dunes of the Sahara,,5.0,
"Portland, OR  Dallas TX ",,25.0,
"Cottage Grove, MN",,389.0,
"New Orleans, LA",,389.0,
"Seminole, Fl",,389.0,
SoCal ... via TX,,389.0,
"Fort Smith, AR",,389.0,
"Valrico, FL",,389.0,
CONNECTICUT,,389.0,
"WashingtonDC, Kabul, Amsterdam",,0.0,
TexasğŸ‡¨ğŸ‡±,,389.0,
"Palm Springs, California, USA",,389.0,
 USA,,389.0,
Richmond Kentucky,,389.0,
"Howey-in-the-Hills, FL USA",,389.0,
"Monrovia, CA",,83.0,
TX/FL #Gators #Astros #Rockets,,389.0,
Ohio usa,,389.0,
Great Journey on Trump Train,,389.0,
"Cleveland, OH",,389.0,
Texas Hill Country,,389.0,
 ğŸ‡ºğŸ‡¸,,389.0,
Chicagoland,,389.0,
"San Francisco, CA",,389.0,
The Windy City,,389.0,
"Ottawa, Ontario, Canada ",,912.0,
"Kenai, Alaska, USA",,389.0,
Great USA! Beautiful mts SW VA,,389.0,
"Swamptown, USA",,389.0,
"Sports Misery, USA ",,25.0,
Eastern Pennsylvania,,389.0,
"Emerald Coast, FL ğŸ˜ğŸ–ğŸ–ğŸ˜",,389.0,
"Here I Am Next To You, Boo!",,389.0,
"Derry, Northern Ireland",,389.0,
"Lake Butler, FL",,389.0,
Pittsburgh PA,,389.0,
"Salem, OR",,25.0,
USA ğŸ‡ºğŸ‡¸,,389.0,
Mogadishu-Minneapolis ,,11.0,
"Richmond, Virginia",,25.0,
Pacific Northwest,,25.0,
Mars Vill Jersey,,83.0,
"Central Texas, USA",,83.0,
"Raleigh, NC, USA",,25.0,
south east Michigan,,25.0,
"Albuquerque, NM",,25.0,
"Iowa City / Washington, DC",,25.0,
"Toronto, Ontario, Canada",,317.0,
Kansas City,,0.0,
"(Be Busy, Be Happy)",,0.0,
Michigan,,0.0,
Denver NC,,15.0,
Czech Republic via Kabul & U.S,,34.0,
metasphere,,912.0,
Tx. USA,,83.0,
Estados Unidos,,3.0,
In the Clouds,,0.0,
"Norman, OK",,83.0,
ØªÙ‡Ø±Ø§Ù†,,44.0,
Gotham City,,912.0,
"Jacksonville, Fl",,83.0,
"Sioux Falls, SD",,83.0,
A Galaxy Far Far Away,,83.0,
"Spokane, WA",,0.0,
"Fort Myers, FL",,83.0,
"Trenton, NJ",,83.0,
Ø§Ø³Ù„Ø§Ù…ÛŒ Ø¬Ù…ÛÙˆØ±ÙŠÛ Ù¾Ø§ÙƒØ³ØªØ§Ù†,,3.0,
"Staten Island, NY",,83.0,
Frankfurt/Kabul ,,0.0,
"San Juan, Puerto Rico",,83.0,
South FL,,83.0,
"Shalimar, FL",,83.0,
La,,317.0,
NYC and Kabul,,0.0,
Blue Northeast United States,,83.0,
Grand Rapids Mi,,83.0,
"Koblenz, Deutschland",,6.0,
south africa,,44.0,
"Geneva, Switzerland",,44.0,
The Sunshine State,,317.0,
"Ichikawa-shi, Chiba Japan",,8.0,
"Clinton, MS",,0.0,
"Liverpool, NY, #Manus Prison",,44.0,
Rome  Italy,,0.0,
"Minnesota, USA",,317.0,
"Tallahasssee, Florida",,317.0,
Medicine Hat Alberta,,912.0,
"LA/Orange County, CA",,44.0,
"Near Sac, CA",,317.0,
a galaxy far far away,,44.0,
"Swindon, England",,11.0,
"Augusta, GA",,44.0,
"Dayton, Ohio",,317.0,
Hiraeth,,44.0,
NYC,,0.0,
"Shaw AFB, Sumter, SC",,8.0,
"Richmond, VA",,317.0,
"Scottsdale, Arizona",,317.0,
Somewhere in GA,,0.0,
SC,,317.0,
Australia - International ,,1.0,
"Baltimore, MD",,44.0,
 ğŸ...ğŸ€,,44.0,
"Berkeley, California",,2.0,
"Roma, Lazio",,3.0,
Washington DC and San Francisc,,44.0,
Florida ğŸ‡ºğŸ‡¸,,317.0,
Outer Inner Central Eurasia,,1.0,
"Monterey, CA",,3.0,
Kabul ÙƒØ§Ø¨Ù„,,1.0,
"Borough of Queens, NYC, NY USA",,83.0,
Reporter in : Afghanistan,,1.0,
ĞŸĞµÑ‚Ñ€Ğ¾Ğ³Ñ€Ğ°Ğ´,,13.0,
"Cincinnati, OH",,0.0,
"à¤¬à¥€ à¤Ÿà¥€ à¤à¤® à¤²à¥‡à¤†à¤‰à¤Ÿ, Bengaluru Sout",,256.0,
"Syracuse, NY USA",,0.0,
U.K,,1.0,
South Jersey,,317.0,
"Shuniah, Ontario",,912.0,
"Orange Park, FL",,317.0,
"Austin area, TX",,0.0,
"VARANASI,CHANDIGARH,MEERUT",,256.0,
 Alabama U.S.,,317.0,
The Palmetto State-Charleston,,0.0,
DC/VA,,83.0,
DC Baltimore Metroplex,,317.0,
"Cardiff, Wales",,0.0,
"Ontario, Canada",,317.0,
South Texas,,317.0,
Ğ Ğ¾ÑÑĞ¸Ñ Ğ Ñ Ğ² Ğ½ĞµĞ¹ ĞºĞ°Ğº Ğ¤Ğ¸Ğ³Ğ°Ñ€Ğ¾,,13.0,
People's Republic of CA,,317.0,
"Orange County, California",,317.0,
"Pembroke Pines, FL",,317.0,
"Largo, MD",,0.0,
Ğ¡Ğ¸Ğ±Ğ¸Ñ€ÑŒ Ğ Ğ¾ÑÑĞ¸Ñ,,13.0,
"Kota Manado, Sulawesi Utara",,171.0,
FOLLOWS YOU,,1.0,
SF,,912.0,
"Dublin, Glasgow, Prague, Vienna",,5.0,
â™” Here now â™”,,8.0,
"Norfolk, VA",,15.0,
"Ø¯Ø¨ÙŠ, Ø§Ù„Ø§Ù…Ø§Ø±Ø§Øª Ø§Ù„Ø¹Ø±Ø¨ÙŠØ© Ø§Ù„Ù…ØªØ­Ø¯Ø©",,8.0,
Kabul & London ,,2.0,
Sarpuza Kandahar Afg.,,23.0,
"Arlington, WA",,317.0,
"Port Charlotte, FL",,317.0,
"Conservativeland, Orange Co CA",,317.0,
Kansas,,317.0,
"Miami, FL/Merida, Yucatan",,317.0,
"TF, NJ",,317.0,
Washington DC â€” Kabul,,0.0,
"Grandview, MO 64030",,317.0,
"McAllen, TX",,317.0,
New Orleans,,317.0,
"Colleyville, TX",,317.0,
AUSTRALIA,,317.0,
Delaware,,317.0,
Purdiest darn cornfield ever,,1.0,
"Port Harcourt, Nigeria",,5.0,
"Farighistan, Lahore",,7.0,
USA / INDIA,,0.0,
"Washington, DC (base anyway)",,1.0,
In the woods...,,1.0,
These Great United States,,317.0,
"Kandahar, Af",,0.0,
Ğ Ğ¾ÑÑĞ¸Ñ,,13.0,
Home,,317.0,
Not in N.Y.,,317.0,
"Naples, FL",,317.0,
"Abilene, Texas",,0.0,
home,,912.0,
Washington DC,,7.0,
Woodville,,317.0,
God Bless Orange County ğŸŠ,,317.0,
Somewhere stupid,,317.0,
"Olympus Mons, Mars. ",,317.0,
"Maine, USA",,317.0,
"Bronx, NY",,317.0,
"North East, MD",,317.0,
#muhRussia,,317.0,
The Swamp,,15.0,
Louisiana Swamp Critter ,,317.0,
"Miami Beach, Florida",,15.0,
HERE,,317.0,
"World Patriot, Costa Rica ",,317.0,
Not where I want to be.  ,,317.0,
South Florida ğŸŒ´ ,,317.0,
"Carmel, IN",,317.0,
Southeast,,317.0,
FLORIDA,,317.0,
1060-W-Addison-St-Chicago-IL,,317.0,
BAMA,,317.0,
"Laval, QuÃ©bec",,317.0,
"Dhaka, Bangladesh",,317.0,
New York/DC,,11.0,
Arizona,,317.0,
Ohio ,,317.0,
U.S.A.,,317.0,
"Hatfield, PA",,317.0,
Banatsko Veliko Selo,,317.0,
Afghanistan ,,1.0,
"Vienna, Austria",,5.0,
"Kitui, Kenya",,912.0,
PA,,317.0,
Montana,,317.0,
nexus of the universe ,,317.0,
Southern Illinois,,317.0,
Ğ¡Ğ¡Ğ¡Ğ ,,13.0,
"Louisiana, USA",,317.0,
"Lowell, Massachusetts 01852",,317.0,
Asgard,,317.0,
"Pittsburgh, PA",,317.0,
Cisco Texas,,317.0,
"ÃœT: 40.762465,-73.959973",,0.0,
Best country ever,,317.0,
"Oklahoma City, Oklahoma",,0.0,
Mesquite Nevada,,317.0,
Granite State,,317.0,
"Mendota, MN",,317.0,
Cincinnati,,0.0,
Heaven,,317.0,
Western hemisphere,,317.0,
"Bend, Oregon, USA",,0.0,
St Antony of Padua Stretford,,7.0,
west java,,44.0,
The world,,0.0,
Kabul-Afghanistan,,0.0,
On the Chesapeake Bay,,0.0,
Ottawa ON,,912.0,
"Cherokee National Forest,TN/NC",,0.0,
"Ğ‘Ğ°Ñ€Ğ½Ğ°ÑƒĞ», Ğ Ğ¾ÑÑĞ¸Ñ",,13.0,
Central NY,,1.0,
"Charlotte, NC, USA",,1.0,
Philadelphia Pa,,0.0,
Hampstead NW3 London,,1.0,
"Reading, PA",,0.0,
Inner Rumblings ,,5.0,
Duval County ,,0.0,
"Philly Pa, USA",,0.0,
Massachusetts ,,0.0,
Northwest United States,,0.0,
"Iowa City, IA",,0.0,
Lagos-Accra ,,5.0,
Washington / Dallas,,2.0,
"Folly Beach, SC",,0.0,
This Sceptred Isle,,5.0,
Nederland,,0.0,
On the road,,1.0,
Davenport Iowa,,2.0,
"Costa Mesa, CA",,2.0,
"Chicago, IL - Jupiter, Fla",,0.0,
"Fitchburg, WI",,1.0,
ME,,2.0,
Kabul-Stockholm,,23.0,
"Aceh, Indonesia",,3.0,
Chawalgam  kashmir,,44.0,
"Silicon Valley, CA",,912.0,
Kandahar - Afghanistan,,44.0,
EspaÃ±a,,44.0,
New Delhi,,44.0,
Kabul - Afghanistan,,19.0,
South Africa/ Turkey,,2.0,
#Cult45,,8.0,
130 Feet Lambi 72 Hoors ğŸ˜,,256.0,
Home is Where your Heart is,,2.0,
"Fort Knox, KY",,8.0,
Toronto Canada,,912.0,
India ğŸ‡®ğŸ‡³,,256.0,
"Ajax, Ontario",,912.0,
Dedmonton,,912.0,
"kabul,afghanistan",,36.0,
Afghanistanâ¦ğŸ‡¦ğŸ‡«â©â¦ğŸ‡¦,,6.0,
Northern Ireland,,0.0,
"South Carolina, USA  ",,17.0,
"Timberville, VA",,9.0,
Indian,,17.0,
"Cork, Ireland",,9.0,
"Ville, Tillaberi (Niger).",,17.0,
somewhere in the usa,,9.0,
Scotland of the east(shillong),,256.0,
Dunya,,36.0,
"middle, tennessee",,9.0,
"W! A-S-H I-N-G, T-O-N, baby, DC!",,0.0,
"Jinja,kampala on a weekend.",,17.0,
Quetta,,10.0,
"West Midlands, England",,36.0,
Chandigarh | Himachal Pradesh,,256.0,
Twitter,,256.0,
Kota Banda Aceh,,3.0,
Aceh,,0.0,
Northampton,,7.0,
"Peterborough, England",,17.0,
Tales of Souls,,256.0,
#PKMKB,,256.0,
Bangkok Thailand,,17.0,
RT ne signifie pas forcÃ©ment approbation.,,36.0,
120 countries,,17.0,
"Hamburg, Deutschland",,0.0,
Kaltland,,3.0,
Fan of Captain Ajit Vadakayil,,36.0,
"Ontario, canada",,912.0,
"Gold Coast, Queensland",,0.0,
Straight Outta Woodlands,,11.0,
"Dubai, United Arab Emirates",,36.0,
TX,,912.0,
"#Mazar-e-Sharif, #Afghanistan",,6.0,
Ø¬Ù†ÙˆØ¨ÛŒ Ù¾Ø®ØªÙˆÙ†Ø®ÙˆØ§Ù‡,,36.0,
"Bellevue, WA, USA",,36.0,
"Sydney, Australia",,3.0,
"Jamshedpur, India",,256.0,
forest,,36.0,
ram baagh ddn,,256.0,
England & Wales,,7.0,
South East Asia / Middle East,,23.0,
BelgiÃ«,,23.0,
Ø§ØµÙ„ÛŒ ÙˆØ·Ù† Ø§ÙØºØ§Ù†Ø³ØªØ§Ù† Ø¯ÛŒ Afghanis,,36.0,
Japan & Afghanistan,,36.0,
Russia,,,12.785
Ivory Coast,,,10.003
DR Congo,,,9.415
Saint Vincent and the Grenadines,,,9.281
North Korea,,,9.159
United States Virgin Islands,,,8.702
Taiwan,,,7.631
Venezuela,,,7.029
Hong Kong,,,6.716
Republic of the Congo,,,6.701
Micronesia,,,6.626
Laos,,,6.431
Tanzania,,,6.387
Vietnam,,,6.354
Reunion,,,6.256
South Korea,,,6.111
Syria,,,5.232
Iran,,,4.866
Brunei,,,4.513
Macau,,,4.002
Palestine,,,3.462
